CREATE TABLE IF NOT EXISTS "auth_group" ("id" integer NOT NULL PRIMARY KEY AUTOINCREMENT, "name" varchar(150) NOT NULL UNIQUE);
CREATE UNIQUE INDEX "auth_group_permissions_group_id_permission_id_0cd325b0_uniq" ON "auth_group_permissions" ("group_id", "permission_id");
CREATE INDEX IF NOT EXISTS "auth_group_permissions_group_id_b120cbf9" ON "auth_group_permissions" ("group_id");
CREATE INDEX IF NOT EXISTS "auth_group_permissions_permission_id_84c5c92e" ON "auth_group_permissions" ("permission_id");
CREATE UNIQUE INDEX "auth_user_groups_user_id_group_id_94350c0c_uniq" ON "auth_user_groups" ("user_id", "group_id");
CREATE INDEX IF NOT EXISTS "auth_user_groups_user_id_6a12ed8b" ON "auth_user_groups" ("user_id");
CREATE INDEX IF NOT EXISTS "auth_user_groups_group_id_97559544" ON "auth_user_groups" ("group_id");
CREATE UNIQUE INDEX "auth_user_user_permissions_user_id_permission_id_14a6b632_uniq" ON "auth_user_user_permissions" ("user_id", "permission_id");
CREATE INDEX IF NOT EXISTS "auth_user_user_permissions_user_id_a95ead1b" ON "auth_user_user_permissions" ("user_id");
CREATE INDEX IF NOT EXISTS "auth_user_user_permissions_permission_id_1fbb5f2c" ON "auth_user_user_permissions" ("permission_id");
CREATE INDEX IF NOT EXISTS "django_admin_log_content_type_id_c4bce8eb" ON "django_admin_log" ("content_type_id");
CREATE INDEX IF NOT EXISTS "django_admin_log_user_id_c564eba6" ON "django_admin_log" ("user_id");
CREATE UNIQUE INDEX "django_content_type_app_label_model_76bd3d3b_uniq" ON "django_content_type" ("app_label", "model");
CREATE UNIQUE INDEX "auth_permission_content_type_id_codename_01ab375a_uniq" ON "auth_permission" ("content_type_id", "codename");
CREATE INDEX IF NOT EXISTS "auth_permission_content_type_id_2f476e4b" ON "auth_permission" ("content_type_id");
CREATE INDEX IF NOT EXISTS "django_session_expire_date_a5c62663" ON "django_session" ("expire_date");
CREATE INDEX IF NOT EXISTS "order_ordermodel_user_id_44b89dc5" ON "order_ordermodel" ("user_id");
CREATE TABLE IF NOT EXISTS "auth_group_permissions" ("id" integer NOT NULL PRIMARY KEY AUTOINCREMENT, "group_id" integer NOT NULL REFERENCES "auth_group" ("id") DEFERRABLE INITIALLY DEFERRED, "permission_id" integer NOT NULL REFERENCES "auth_permission" ("id") DEFERRABLE INITIALLY DEFERRED);
CREATE UNIQUE INDEX "auth_group_permissions_group_id_permission_id_0cd325b0_uniq" ON "auth_group_permissions" ("group_id", "permission_id");
CREATE INDEX IF NOT EXISTS "auth_group_permissions_group_id_b120cbf9" ON "auth_group_permissions" ("group_id");
CREATE INDEX IF NOT EXISTS "auth_group_permissions_permission_id_84c5c92e" ON "auth_group_permissions" ("permission_id");
CREATE UNIQUE INDEX "auth_user_groups_user_id_group_id_94350c0c_uniq" ON "auth_user_groups" ("user_id", "group_id");
CREATE INDEX IF NOT EXISTS "auth_user_groups_user_id_6a12ed8b" ON "auth_user_groups" ("user_id");
CREATE INDEX IF NOT EXISTS "auth_user_groups_group_id_97559544" ON "auth_user_groups" ("group_id");
CREATE UNIQUE INDEX "auth_user_user_permissions_user_id_permission_id_14a6b632_uniq" ON "auth_user_user_permissions" ("user_id", "permission_id");
CREATE INDEX IF NOT EXISTS "auth_user_user_permissions_user_id_a95ead1b" ON "auth_user_user_permissions" ("user_id");
CREATE INDEX IF NOT EXISTS "auth_user_user_permissions_permission_id_1fbb5f2c" ON "auth_user_user_permissions" ("permission_id");
CREATE INDEX IF NOT EXISTS "django_admin_log_content_type_id_c4bce8eb" ON "django_admin_log" ("content_type_id");
CREATE INDEX IF NOT EXISTS "django_admin_log_user_id_c564eba6" ON "django_admin_log" ("user_id");
CREATE UNIQUE INDEX "django_content_type_app_label_model_76bd3d3b_uniq" ON "django_content_type" ("app_label", "model");
CREATE UNIQUE INDEX "auth_permission_content_type_id_codename_01ab375a_uniq" ON "auth_permission" ("content_type_id", "codename");
CREATE INDEX IF NOT EXISTS "auth_permission_content_type_id_2f476e4b" ON "auth_permission" ("content_type_id");
CREATE INDEX IF NOT EXISTS "django_session_expire_date_a5c62663" ON "django_session" ("expire_date");
CREATE INDEX IF NOT EXISTS "order_ordermodel_user_id_44b89dc5" ON "order_ordermodel" ("user_id");
CREATE TABLE IF NOT EXISTS "auth_permission" ("id" integer NOT NULL PRIMARY KEY AUTOINCREMENT, "content_type_id" integer NOT NULL REFERENCES "django_content_type" ("id") DEFERRABLE INITIALLY DEFERRED, "codename" varchar(100) NOT NULL, "name" varchar(255) NOT NULL);
INSERT INTO "auth_permission" VALUES(1,1,'add_logentry','Can add log entry');
INSERT INTO "auth_permission" VALUES(2,1,'change_logentry','Can change log entry');
INSERT INTO "auth_permission" VALUES(3,1,'delete_logentry','Can delete log entry');
INSERT INTO "auth_permission" VALUES(4,1,'view_logentry','Can view log entry');
INSERT INTO "auth_permission" VALUES(5,2,'add_permission','Can add permission');
INSERT INTO "auth_permission" VALUES(6,2,'change_permission','Can change permission');
INSERT INTO "auth_permission" VALUES(7,2,'delete_permission','Can delete permission');
INSERT INTO "auth_permission" VALUES(8,2,'view_permission','Can view permission');
INSERT INTO "auth_permission" VALUES(9,3,'add_group','Can add group');
INSERT INTO "auth_permission" VALUES(10,3,'change_group','Can change group');
INSERT INTO "auth_permission" VALUES(11,3,'delete_group','Can delete group');
INSERT INTO "auth_permission" VALUES(12,3,'view_group','Can view group');
INSERT INTO "auth_permission" VALUES(13,4,'add_user','Can add user');
INSERT INTO "auth_permission" VALUES(14,4,'change_user','Can change user');
INSERT INTO "auth_permission" VALUES(15,4,'delete_user','Can delete user');
INSERT INTO "auth_permission" VALUES(16,4,'view_user','Can view user');
INSERT INTO "auth_permission" VALUES(17,5,'add_contenttype','Can add content type');
INSERT INTO "auth_permission" VALUES(18,5,'change_contenttype','Can change content type');
INSERT INTO "auth_permission" VALUES(19,5,'delete_contenttype','Can delete content type');
INSERT INTO "auth_permission" VALUES(20,5,'view_contenttype','Can view content type');
INSERT INTO "auth_permission" VALUES(21,6,'add_session','Can add session');
INSERT INTO "auth_permission" VALUES(22,6,'change_session','Can change session');
INSERT INTO "auth_permission" VALUES(23,6,'delete_session','Can delete session');
INSERT INTO "auth_permission" VALUES(24,6,'view_session','Can view session');
INSERT INTO "auth_permission" VALUES(25,7,'add_ordermodel','Can add order model');
INSERT INTO "auth_permission" VALUES(26,7,'change_ordermodel','Can change order model');
INSERT INTO "auth_permission" VALUES(27,7,'delete_ordermodel','Can delete order model');
INSERT INTO "auth_permission" VALUES(28,7,'view_ordermodel','Can view order model');
INSERT INTO "auth_permission" VALUES(29,8,'add_usermodel','Can add user');
INSERT INTO "auth_permission" VALUES(30,8,'change_usermodel','Can change user');
INSERT INTO "auth_permission" VALUES(31,8,'delete_usermodel','Can delete user');
INSERT INTO "auth_permission" VALUES(32,8,'view_usermodel','Can view user');
CREATE UNIQUE INDEX "auth_group_permissions_group_id_permission_id_0cd325b0_uniq" ON "auth_group_permissions" ("group_id", "permission_id");
CREATE INDEX IF NOT EXISTS "auth_group_permissions_group_id_b120cbf9" ON "auth_group_permissions" ("group_id");
CREATE INDEX IF NOT EXISTS "auth_group_permissions_permission_id_84c5c92e" ON "auth_group_permissions" ("permission_id");
CREATE UNIQUE INDEX "auth_user_groups_user_id_group_id_94350c0c_uniq" ON "auth_user_groups" ("user_id", "group_id");
CREATE INDEX IF NOT EXISTS "auth_user_groups_user_id_6a12ed8b" ON "auth_user_groups" ("user_id");
CREATE INDEX IF NOT EXISTS "auth_user_groups_group_id_97559544" ON "auth_user_groups" ("group_id");
CREATE UNIQUE INDEX "auth_user_user_permissions_user_id_permission_id_14a6b632_uniq" ON "auth_user_user_permissions" ("user_id", "permission_id");
CREATE INDEX IF NOT EXISTS "auth_user_user_permissions_user_id_a95ead1b" ON "auth_user_user_permissions" ("user_id");
CREATE INDEX IF NOT EXISTS "auth_user_user_permissions_permission_id_1fbb5f2c" ON "auth_user_user_permissions" ("permission_id");
CREATE INDEX IF NOT EXISTS "django_admin_log_content_type_id_c4bce8eb" ON "django_admin_log" ("content_type_id");
CREATE INDEX IF NOT EXISTS "django_admin_log_user_id_c564eba6" ON "django_admin_log" ("user_id");
CREATE UNIQUE INDEX "django_content_type_app_label_model_76bd3d3b_uniq" ON "django_content_type" ("app_label", "model");
CREATE UNIQUE INDEX "auth_permission_content_type_id_codename_01ab375a_uniq" ON "auth_permission" ("content_type_id", "codename");
CREATE INDEX IF NOT EXISTS "auth_permission_content_type_id_2f476e4b" ON "auth_permission" ("content_type_id");
CREATE INDEX IF NOT EXISTS "django_session_expire_date_a5c62663" ON "django_session" ("expire_date");
CREATE INDEX IF NOT EXISTS "order_ordermodel_user_id_44b89dc5" ON "order_ordermodel" ("user_id");
CREATE TABLE IF NOT EXISTS "auth_user" ("id" integer NOT NULL PRIMARY KEY AUTOINCREMENT, "password" varchar(128) NOT NULL, "last_login" datetime NULL, "is_superuser" bool NOT NULL, "username" varchar(150) NOT NULL UNIQUE, "last_name" varchar(150) NOT NULL, "email" varchar(254) NOT NULL, "is_staff" bool NOT NULL, "is_active" bool NOT NULL, "date_joined" datetime NOT NULL, "first_name" varchar(150) NOT NULL);
INSERT INTO "auth_user" VALUES(1,'pbkdf2_sha256$390000$IRDKMy13LsHnKTBu35Uave$enNthOkKB1THZVDiGw8bQxuxOer5nGOdcS6EUC7aSCI=','2022-08-17 14:18:10.687481',1,'sizan','','',1,1,'2022-08-11 11:12:59.651040','');
INSERT INTO "auth_user" VALUES(2,'pbkdf2_sha256$390000$WK5zJ85uXWvsex9oqQ4VhX$cJMxmYpsIoeSD4WvZhmlOiVnmC+xPoXHBw1plEZ7YeY=','2022-08-17 12:46:12.126281',0,'mahmud','','',1,1,'2022-08-17 12:33:33','');
INSERT INTO "auth_user" VALUES(3,'pbkdf2_sha256$390000$8DqNfXzIeb67WYsvLDzVMw$/ShrOB3E2dlayRo10kdoGP3qMZFgsLXmoQe+LruMODE=',NULL,0,'user1','','',1,1,'2022-08-17 12:45:00','');
INSERT INTO "auth_user" VALUES(4,'pbkdf2_sha256$390000$LRq73KKN8VsLOvOuB0f2W6$o3XfJPM9QIO6yZvULZpilpSqsT0vY81saJTixaVkPlg=',NULL,0,'user2','','',1,1,'2022-08-17 12:45:13','');
CREATE UNIQUE INDEX "auth_group_permissions_group_id_permission_id_0cd325b0_uniq" ON "auth_group_permissions" ("group_id", "permission_id");
CREATE INDEX IF NOT EXISTS "auth_group_permissions_group_id_b120cbf9" ON "auth_group_permissions" ("group_id");
CREATE INDEX IF NOT EXISTS "auth_group_permissions_permission_id_84c5c92e" ON "auth_group_permissions" ("permission_id");
CREATE UNIQUE INDEX "auth_user_groups_user_id_group_id_94350c0c_uniq" ON "auth_user_groups" ("user_id", "group_id");
CREATE INDEX IF NOT EXISTS "auth_user_groups_user_id_6a12ed8b" ON "auth_user_groups" ("user_id");
CREATE INDEX IF NOT EXISTS "auth_user_groups_group_id_97559544" ON "auth_user_groups" ("group_id");
CREATE UNIQUE INDEX "auth_user_user_permissions_user_id_permission_id_14a6b632_uniq" ON "auth_user_user_permissions" ("user_id", "permission_id");
CREATE INDEX IF NOT EXISTS "auth_user_user_permissions_user_id_a95ead1b" ON "auth_user_user_permissions" ("user_id");
CREATE INDEX IF NOT EXISTS "auth_user_user_permissions_permission_id_1fbb5f2c" ON "auth_user_user_permissions" ("permission_id");
CREATE INDEX IF NOT EXISTS "django_admin_log_content_type_id_c4bce8eb" ON "django_admin_log" ("content_type_id");
CREATE INDEX IF NOT EXISTS "django_admin_log_user_id_c564eba6" ON "django_admin_log" ("user_id");
CREATE UNIQUE INDEX "django_content_type_app_label_model_76bd3d3b_uniq" ON "django_content_type" ("app_label", "model");
CREATE UNIQUE INDEX "auth_permission_content_type_id_codename_01ab375a_uniq" ON "auth_permission" ("content_type_id", "codename");
CREATE INDEX IF NOT EXISTS "auth_permission_content_type_id_2f476e4b" ON "auth_permission" ("content_type_id");
CREATE INDEX IF NOT EXISTS "django_session_expire_date_a5c62663" ON "django_session" ("expire_date");
CREATE INDEX IF NOT EXISTS "order_ordermodel_user_id_44b89dc5" ON "order_ordermodel" ("user_id");
CREATE TABLE IF NOT EXISTS "auth_user_groups" ("id" integer NOT NULL PRIMARY KEY AUTOINCREMENT, "user_id" integer NOT NULL REFERENCES "auth_user" ("id") DEFERRABLE INITIALLY DEFERRED, "group_id" integer NOT NULL REFERENCES "auth_group" ("id") DEFERRABLE INITIALLY DEFERRED);
CREATE UNIQUE INDEX "auth_group_permissions_group_id_permission_id_0cd325b0_uniq" ON "auth_group_permissions" ("group_id", "permission_id");
CREATE INDEX IF NOT EXISTS "auth_group_permissions_group_id_b120cbf9" ON "auth_group_permissions" ("group_id");
CREATE INDEX IF NOT EXISTS "auth_group_permissions_permission_id_84c5c92e" ON "auth_group_permissions" ("permission_id");
CREATE UNIQUE INDEX "auth_user_groups_user_id_group_id_94350c0c_uniq" ON "auth_user_groups" ("user_id", "group_id");
CREATE INDEX IF NOT EXISTS "auth_user_groups_user_id_6a12ed8b" ON "auth_user_groups" ("user_id");
CREATE INDEX IF NOT EXISTS "auth_user_groups_group_id_97559544" ON "auth_user_groups" ("group_id");
CREATE UNIQUE INDEX "auth_user_user_permissions_user_id_permission_id_14a6b632_uniq" ON "auth_user_user_permissions" ("user_id", "permission_id");
CREATE INDEX IF NOT EXISTS "auth_user_user_permissions_user_id_a95ead1b" ON "auth_user_user_permissions" ("user_id");
CREATE INDEX IF NOT EXISTS "auth_user_user_permissions_permission_id_1fbb5f2c" ON "auth_user_user_permissions" ("permission_id");
CREATE INDEX IF NOT EXISTS "django_admin_log_content_type_id_c4bce8eb" ON "django_admin_log" ("content_type_id");
CREATE INDEX IF NOT EXISTS "django_admin_log_user_id_c564eba6" ON "django_admin_log" ("user_id");
CREATE UNIQUE INDEX "django_content_type_app_label_model_76bd3d3b_uniq" ON "django_content_type" ("app_label", "model");
CREATE UNIQUE INDEX "auth_permission_content_type_id_codename_01ab375a_uniq" ON "auth_permission" ("content_type_id", "codename");
CREATE INDEX IF NOT EXISTS "auth_permission_content_type_id_2f476e4b" ON "auth_permission" ("content_type_id");
CREATE INDEX IF NOT EXISTS "django_session_expire_date_a5c62663" ON "django_session" ("expire_date");
CREATE INDEX IF NOT EXISTS "order_ordermodel_user_id_44b89dc5" ON "order_ordermodel" ("user_id");
CREATE TABLE IF NOT EXISTS "auth_user_user_permissions" ("id" integer NOT NULL PRIMARY KEY AUTOINCREMENT, "user_id" integer NOT NULL REFERENCES "auth_user" ("id") DEFERRABLE INITIALLY DEFERRED, "permission_id" integer NOT NULL REFERENCES "auth_permission" ("id") DEFERRABLE INITIALLY DEFERRED);
CREATE UNIQUE INDEX "auth_group_permissions_group_id_permission_id_0cd325b0_uniq" ON "auth_group_permissions" ("group_id", "permission_id");
CREATE INDEX IF NOT EXISTS "auth_group_permissions_group_id_b120cbf9" ON "auth_group_permissions" ("group_id");
CREATE INDEX IF NOT EXISTS "auth_group_permissions_permission_id_84c5c92e" ON "auth_group_permissions" ("permission_id");
CREATE UNIQUE INDEX "auth_user_groups_user_id_group_id_94350c0c_uniq" ON "auth_user_groups" ("user_id", "group_id");
CREATE INDEX IF NOT EXISTS "auth_user_groups_user_id_6a12ed8b" ON "auth_user_groups" ("user_id");
CREATE INDEX IF NOT EXISTS "auth_user_groups_group_id_97559544" ON "auth_user_groups" ("group_id");
CREATE UNIQUE INDEX "auth_user_user_permissions_user_id_permission_id_14a6b632_uniq" ON "auth_user_user_permissions" ("user_id", "permission_id");
CREATE INDEX IF NOT EXISTS "auth_user_user_permissions_user_id_a95ead1b" ON "auth_user_user_permissions" ("user_id");
CREATE INDEX IF NOT EXISTS "auth_user_user_permissions_permission_id_1fbb5f2c" ON "auth_user_user_permissions" ("permission_id");
CREATE INDEX IF NOT EXISTS "django_admin_log_content_type_id_c4bce8eb" ON "django_admin_log" ("content_type_id");
CREATE INDEX IF NOT EXISTS "django_admin_log_user_id_c564eba6" ON "django_admin_log" ("user_id");
CREATE UNIQUE INDEX "django_content_type_app_label_model_76bd3d3b_uniq" ON "django_content_type" ("app_label", "model");
CREATE UNIQUE INDEX "auth_permission_content_type_id_codename_01ab375a_uniq" ON "auth_permission" ("content_type_id", "codename");
CREATE INDEX IF NOT EXISTS "auth_permission_content_type_id_2f476e4b" ON "auth_permission" ("content_type_id");
CREATE INDEX IF NOT EXISTS "django_session_expire_date_a5c62663" ON "django_session" ("expire_date");
CREATE INDEX IF NOT EXISTS "order_ordermodel_user_id_44b89dc5" ON "order_ordermodel" ("user_id");
CREATE TABLE IF NOT EXISTS "django_admin_log" ("id" integer NOT NULL PRIMARY KEY AUTOINCREMENT, "object_id" text NULL, "object_repr" varchar(200) NOT NULL, "action_flag" smallint unsigned NOT NULL CHECK ("action_flag" >= 0), "change_message" text NOT NULL, "content_type_id" integer NULL REFERENCES "django_content_type" ("id") DEFERRABLE INITIALLY DEFERRED, "user_id" integer NOT NULL REFERENCES "auth_user" ("id") DEFERRABLE INITIALLY DEFERRED, "action_time" datetime NOT NULL);
INSERT INTO "django_admin_log" VALUES(1,'4','OrderModel object (4)',3,'',7,1,'2022-08-11 11:17:37.896732');
INSERT INTO "django_admin_log" VALUES(2,'3','OrderModel object (3)',3,'',7,1,'2022-08-11 11:17:37.915085');
INSERT INTO "django_admin_log" VALUES(3,'2','OrderModel object (2)',3,'',7,1,'2022-08-11 11:17:37.921089');
INSERT INTO "django_admin_log" VALUES(4,'1','OrderModel object (1)',3,'',7,1,'2022-08-11 11:17:37.926207');
INSERT INTO "django_admin_log" VALUES(5,'5','OrderModel object (5)',1,'[{"added": {}}]',7,1,'2022-08-11 11:17:46.157526');
INSERT INTO "django_admin_log" VALUES(6,'6','OrderModel object (6)',1,'[{"added": {}}]',7,1,'2022-08-11 11:18:00.732150');
INSERT INTO "django_admin_log" VALUES(7,'7','OrderModel object (7)',1,'[{"added": {}}]',7,1,'2022-08-11 11:18:11.326107');
INSERT INTO "django_admin_log" VALUES(8,'8','OrderModel object (8)',1,'[{"added": {}}]',7,1,'2022-08-12 04:20:22.817596');
INSERT INTO "django_admin_log" VALUES(9,'8','OrderModel object (8)',3,'',7,1,'2022-08-12 06:16:09.216114');
INSERT INTO "django_admin_log" VALUES(10,'7','OrderModel object (7)',3,'',7,1,'2022-08-12 06:16:09.233315');
INSERT INTO "django_admin_log" VALUES(11,'6','OrderModel object (6)',3,'',7,1,'2022-08-12 06:16:09.237578');
INSERT INTO "django_admin_log" VALUES(12,'5','OrderModel object (5)',3,'',7,1,'2022-08-12 06:16:09.242319');
INSERT INTO "django_admin_log" VALUES(13,'9','OrderModel object (9)',1,'[{"added": {}}]',7,1,'2022-08-12 06:16:20.608266');
INSERT INTO "django_admin_log" VALUES(14,'10','OrderModel object (10)',1,'[{"added": {}}]',7,1,'2022-08-12 06:16:43.072878');
INSERT INTO "django_admin_log" VALUES(15,'11','OrderModel object (11)',1,'[{"added": {}}]',7,1,'2022-08-12 06:17:01.002097');
INSERT INTO "django_admin_log" VALUES(16,'12','OrderModel object (12)',1,'[{"added": {}}]',7,1,'2022-08-12 09:04:55.289996');
INSERT INTO "django_admin_log" VALUES(17,'13','OrderModel object (13)',1,'[{"added": {}}]',7,1,'2022-08-12 09:05:07.711972');
INSERT INTO "django_admin_log" VALUES(18,'10','OrderModel object (10)',2,'[{"changed": {"fields": ["Booking time"]}}]',7,1,'2022-08-15 10:01:05.407205');
INSERT INTO "django_admin_log" VALUES(19,'14','OrderModel object (14)',3,'',7,1,'2022-08-15 12:45:12.690565');
INSERT INTO "django_admin_log" VALUES(20,'13','OrderModel object (13)',3,'',7,1,'2022-08-15 12:45:12.696567');
INSERT INTO "django_admin_log" VALUES(21,'12','OrderModel object (12)',3,'',7,1,'2022-08-15 12:45:12.705295');
INSERT INTO "django_admin_log" VALUES(22,'11','OrderModel object (11)',3,'',7,1,'2022-08-15 12:45:12.712289');
INSERT INTO "django_admin_log" VALUES(23,'10','OrderModel object (10)',3,'',7,1,'2022-08-15 12:45:12.719312');
INSERT INTO "django_admin_log" VALUES(24,'9','OrderModel object (9)',3,'',7,1,'2022-08-15 12:45:12.727372');
INSERT INTO "django_admin_log" VALUES(25,'15','OrderModel object (15)',1,'[{"added": {}}]',7,1,'2022-08-15 12:46:24.396075');
INSERT INTO "django_admin_log" VALUES(26,'16','OrderModel object (16)',1,'[{"added": {}}]',7,1,'2022-08-15 12:46:44.985010');
INSERT INTO "django_admin_log" VALUES(27,'17','OrderModel object (17)',1,'[{"added": {}}]',7,1,'2022-08-15 12:47:00.427575');
INSERT INTO "django_admin_log" VALUES(28,'18','OrderModel object (18)',1,'[{"added": {}}]',7,1,'2022-08-15 12:47:16.610434');
INSERT INTO "django_admin_log" VALUES(29,'18','OrderModel object (18)',2,'[{"changed": {"fields": ["Collection time"]}}]',7,1,'2022-08-17 06:45:52.115760');
INSERT INTO "django_admin_log" VALUES(30,'17','OrderModel object (17)',2,'[{"changed": {"fields": ["Collection time"]}}]',7,1,'2022-08-17 06:45:57.061630');
INSERT INTO "django_admin_log" VALUES(31,'16','OrderModel object (16)',2,'[{"changed": {"fields": ["Collection time"]}}]',7,1,'2022-08-17 06:46:14.107780');
INSERT INTO "django_admin_log" VALUES(32,'15','OrderModel object (15)',2,'[{"changed": {"fields": ["Collection time"]}}]',7,1,'2022-08-17 06:46:31.899895');
INSERT INTO "django_admin_log" VALUES(33,'19','OrderModel object (19)',1,'[{"added": {}}]',7,1,'2022-08-17 09:07:57.345892');
INSERT INTO "django_admin_log" VALUES(34,'20','OrderModel object (20)',1,'[{"added": {}}]',7,1,'2022-08-17 09:08:18.701922');
INSERT INTO "django_admin_log" VALUES(35,'20','OrderModel object (20)',2,'[]',7,1,'2022-08-17 09:08:36.156630');
INSERT INTO "django_admin_log" VALUES(36,'19','OrderModel object (19)',2,'[]',7,1,'2022-08-17 09:08:38.713576');
INSERT INTO "django_admin_log" VALUES(37,'18','OrderModel object (18)',2,'[]',7,1,'2022-08-17 09:08:42.079549');
INSERT INTO "django_admin_log" VALUES(38,'17','OrderModel object (17)',2,'[]',7,1,'2022-08-17 09:08:44.473517');
INSERT INTO "django_admin_log" VALUES(39,'16','OrderModel object (16)',2,'[]',7,1,'2022-08-17 09:08:46.944006');
INSERT INTO "django_admin_log" VALUES(40,'15','OrderModel object (15)',2,'[]',7,1,'2022-08-17 09:08:50.769645');
INSERT INTO "django_admin_log" VALUES(41,'16','OrderModel object (16)',2,'[{"changed": {"fields": ["Booking time", "Collection time"]}}]',7,1,'2022-08-17 10:07:55.004178');
INSERT INTO "django_admin_log" VALUES(42,'19','OrderModel object (19)',2,'[{"changed": {"fields": ["Wash type", "Booking time", "Collection time"]}}]',7,1,'2022-08-17 10:09:32.846996');
INSERT INTO "django_admin_log" VALUES(43,'19','OrderModel object (19)',2,'[{"changed": {"fields": ["Collection time"]}}]',7,1,'2022-08-17 10:10:11.005998');
INSERT INTO "django_admin_log" VALUES(44,'20','OrderModel object (20)',2,'[{"changed": {"fields": ["Wash type", "Booking time", "Collection time"]}}]',7,1,'2022-08-17 10:10:45.139078');
INSERT INTO "django_admin_log" VALUES(45,'20','OrderModel object (20)',2,'[]',7,1,'2022-08-17 10:27:38.640527');
INSERT INTO "django_admin_log" VALUES(46,'20','OrderModel object (20)',3,'',7,1,'2022-08-17 12:30:04.851886');
INSERT INTO "django_admin_log" VALUES(47,'19','OrderModel object (19)',3,'',7,1,'2022-08-17 12:30:04.862396');
INSERT INTO "django_admin_log" VALUES(48,'18','OrderModel object (18)',3,'',7,1,'2022-08-17 12:30:04.868356');
INSERT INTO "django_admin_log" VALUES(49,'17','OrderModel object (17)',3,'',7,1,'2022-08-17 12:30:04.875885');
INSERT INTO "django_admin_log" VALUES(50,'16','OrderModel object (16)',3,'',7,1,'2022-08-17 12:30:04.882111');
INSERT INTO "django_admin_log" VALUES(51,'15','OrderModel object (15)',3,'',7,1,'2022-08-17 12:30:04.888896');
INSERT INTO "django_admin_log" VALUES(52,'21','OrderModel object (21)',1,'[{"added": {}}]',7,1,'2022-08-17 12:31:06.239641');
INSERT INTO "django_admin_log" VALUES(53,'22','OrderModel object (22)',1,'[{"added": {}}]',7,1,'2022-08-17 12:31:32.179224');
INSERT INTO "django_admin_log" VALUES(54,'23','OrderModel object (23)',1,'[{"added": {}}]',7,1,'2022-08-17 12:32:01.727016');
INSERT INTO "django_admin_log" VALUES(55,'2','mahmud',1,'[{"added": {}}]',4,1,'2022-08-17 12:33:33.333544');
INSERT INTO "django_admin_log" VALUES(56,'2','mahmud',2,'[{"changed": {"fields": ["Staff status"]}}]',4,1,'2022-08-17 12:33:42.015009');
INSERT INTO "django_admin_log" VALUES(57,'3','user1',1,'[{"added": {}}]',4,1,'2022-08-17 12:45:01.155501');
INSERT INTO "django_admin_log" VALUES(58,'3','user1',2,'[]',4,1,'2022-08-17 12:45:04.602038');
INSERT INTO "django_admin_log" VALUES(59,'4','user2',1,'[{"added": {}}]',4,1,'2022-08-17 12:45:14.152963');
INSERT INTO "django_admin_log" VALUES(60,'4','user2',2,'[]',4,1,'2022-08-17 12:45:17.797919');
INSERT INTO "django_admin_log" VALUES(61,'3','user1',2,'[{"changed": {"fields": ["Staff status"]}}]',4,1,'2022-08-17 12:45:26.842680');
INSERT INTO "django_admin_log" VALUES(62,'4','user2',2,'[{"changed": {"fields": ["Staff status"]}}]',4,1,'2022-08-17 12:45:34.831448');
INSERT INTO "django_admin_log" VALUES(63,'24','OrderModel object (24)',1,'[{"added": {}}]',7,1,'2022-08-17 13:57:29.512011');
INSERT INTO "django_admin_log" VALUES(64,'24','OrderModel object (24)',2,'[]',7,1,'2022-08-17 13:58:14.398285');
CREATE UNIQUE INDEX "auth_group_permissions_group_id_permission_id_0cd325b0_uniq" ON "auth_group_permissions" ("group_id", "permission_id");
CREATE INDEX IF NOT EXISTS "auth_group_permissions_group_id_b120cbf9" ON "auth_group_permissions" ("group_id");
CREATE INDEX IF NOT EXISTS "auth_group_permissions_permission_id_84c5c92e" ON "auth_group_permissions" ("permission_id");
CREATE UNIQUE INDEX "auth_user_groups_user_id_group_id_94350c0c_uniq" ON "auth_user_groups" ("user_id", "group_id");
CREATE INDEX IF NOT EXISTS "auth_user_groups_user_id_6a12ed8b" ON "auth_user_groups" ("user_id");
CREATE INDEX IF NOT EXISTS "auth_user_groups_group_id_97559544" ON "auth_user_groups" ("group_id");
CREATE UNIQUE INDEX "auth_user_user_permissions_user_id_permission_id_14a6b632_uniq" ON "auth_user_user_permissions" ("user_id", "permission_id");
CREATE INDEX IF NOT EXISTS "auth_user_user_permissions_user_id_a95ead1b" ON "auth_user_user_permissions" ("user_id");
CREATE INDEX IF NOT EXISTS "auth_user_user_permissions_permission_id_1fbb5f2c" ON "auth_user_user_permissions" ("permission_id");
CREATE INDEX IF NOT EXISTS "django_admin_log_content_type_id_c4bce8eb" ON "django_admin_log" ("content_type_id");
CREATE INDEX IF NOT EXISTS "django_admin_log_user_id_c564eba6" ON "django_admin_log" ("user_id");
CREATE UNIQUE INDEX "django_content_type_app_label_model_76bd3d3b_uniq" ON "django_content_type" ("app_label", "model");
CREATE UNIQUE INDEX "auth_permission_content_type_id_codename_01ab375a_uniq" ON "auth_permission" ("content_type_id", "codename");
CREATE INDEX IF NOT EXISTS "auth_permission_content_type_id_2f476e4b" ON "auth_permission" ("content_type_id");
CREATE INDEX IF NOT EXISTS "django_session_expire_date_a5c62663" ON "django_session" ("expire_date");
CREATE INDEX IF NOT EXISTS "order_ordermodel_user_id_44b89dc5" ON "order_ordermodel" ("user_id");
CREATE TABLE IF NOT EXISTS "django_content_type" ("id" integer NOT NULL PRIMARY KEY AUTOINCREMENT, "app_label" varchar(100) NOT NULL, "model" varchar(100) NOT NULL);
INSERT INTO "django_content_type" VALUES(1,'admin','logentry');
INSERT INTO "django_content_type" VALUES(2,'auth','permission');
INSERT INTO "django_content_type" VALUES(3,'auth','group');
INSERT INTO "django_content_type" VALUES(4,'auth','user');
INSERT INTO "django_content_type" VALUES(5,'contenttypes','contenttype');
INSERT INTO "django_content_type" VALUES(6,'sessions','session');
INSERT INTO "django_content_type" VALUES(7,'order','ordermodel');
INSERT INTO "django_content_type" VALUES(8,'config','usermodel');
CREATE UNIQUE INDEX "auth_group_permissions_group_id_permission_id_0cd325b0_uniq" ON "auth_group_permissions" ("group_id", "permission_id");
CREATE INDEX IF NOT EXISTS "auth_group_permissions_group_id_b120cbf9" ON "auth_group_permissions" ("group_id");
CREATE INDEX IF NOT EXISTS "auth_group_permissions_permission_id_84c5c92e" ON "auth_group_permissions" ("permission_id");
CREATE UNIQUE INDEX "auth_user_groups_user_id_group_id_94350c0c_uniq" ON "auth_user_groups" ("user_id", "group_id");
CREATE INDEX IF NOT EXISTS "auth_user_groups_user_id_6a12ed8b" ON "auth_user_groups" ("user_id");
CREATE INDEX IF NOT EXISTS "auth_user_groups_group_id_97559544" ON "auth_user_groups" ("group_id");
CREATE UNIQUE INDEX "auth_user_user_permissions_user_id_permission_id_14a6b632_uniq" ON "auth_user_user_permissions" ("user_id", "permission_id");
CREATE INDEX IF NOT EXISTS "auth_user_user_permissions_user_id_a95ead1b" ON "auth_user_user_permissions" ("user_id");
CREATE INDEX IF NOT EXISTS "auth_user_user_permissions_permission_id_1fbb5f2c" ON "auth_user_user_permissions" ("permission_id");
CREATE INDEX IF NOT EXISTS "django_admin_log_content_type_id_c4bce8eb" ON "django_admin_log" ("content_type_id");
CREATE INDEX IF NOT EXISTS "django_admin_log_user_id_c564eba6" ON "django_admin_log" ("user_id");
CREATE UNIQUE INDEX "django_content_type_app_label_model_76bd3d3b_uniq" ON "django_content_type" ("app_label", "model");
CREATE UNIQUE INDEX "auth_permission_content_type_id_codename_01ab375a_uniq" ON "auth_permission" ("content_type_id", "codename");
CREATE INDEX IF NOT EXISTS "auth_permission_content_type_id_2f476e4b" ON "auth_permission" ("content_type_id");
CREATE INDEX IF NOT EXISTS "django_session_expire_date_a5c62663" ON "django_session" ("expire_date");
CREATE INDEX IF NOT EXISTS "order_ordermodel_user_id_44b89dc5" ON "order_ordermodel" ("user_id");
CREATE TABLE IF NOT EXISTS "django_migrations" ("id" integer NOT NULL PRIMARY KEY AUTOINCREMENT, "app" varchar(255) NOT NULL, "name" varchar(255) NOT NULL, "applied" datetime NOT NULL);
INSERT INTO "django_migrations" VALUES(1,'contenttypes','0001_initial','2022-08-11 08:39:24.157289');
INSERT INTO "django_migrations" VALUES(2,'auth','0001_initial','2022-08-11 08:39:24.180893');
INSERT INTO "django_migrations" VALUES(3,'admin','0001_initial','2022-08-11 08:39:24.214080');
INSERT INTO "django_migrations" VALUES(4,'admin','0002_logentry_remove_auto_add','2022-08-11 08:39:24.230751');
INSERT INTO "django_migrations" VALUES(5,'admin','0003_logentry_add_action_flag_choices','2022-08-11 08:39:24.241832');
INSERT INTO "django_migrations" VALUES(6,'contenttypes','0002_remove_content_type_name','2022-08-11 08:39:24.270908');
INSERT INTO "django_migrations" VALUES(7,'auth','0002_alter_permission_name_max_length','2022-08-11 08:39:24.307129');
INSERT INTO "django_migrations" VALUES(8,'auth','0003_alter_user_email_max_length','2022-08-11 08:39:24.325127');
INSERT INTO "django_migrations" VALUES(9,'auth','0004_alter_user_username_opts','2022-08-11 08:39:24.337718');
INSERT INTO "django_migrations" VALUES(10,'auth','0005_alter_user_last_login_null','2022-08-11 08:39:24.363715');
INSERT INTO "django_migrations" VALUES(11,'auth','0006_require_contenttypes_0002','2022-08-11 08:39:24.380061');
INSERT INTO "django_migrations" VALUES(12,'auth','0007_alter_validators_add_error_messages','2022-08-11 08:39:24.396619');
INSERT INTO "django_migrations" VALUES(13,'auth','0008_alter_user_username_max_length','2022-08-11 08:39:24.413660');
INSERT INTO "django_migrations" VALUES(14,'auth','0009_alter_user_last_name_max_length','2022-08-11 08:39:24.429159');
INSERT INTO "django_migrations" VALUES(15,'auth','0010_alter_group_name_max_length','2022-08-11 08:39:24.444048');
INSERT INTO "django_migrations" VALUES(16,'auth','0011_update_proxy_permissions','2022-08-11 08:39:24.458242');
INSERT INTO "django_migrations" VALUES(17,'auth','0012_alter_user_first_name_max_length','2022-08-11 08:39:24.481243');
INSERT INTO "django_migrations" VALUES(18,'sessions','0001_initial','2022-08-11 08:39:24.496030');
INSERT INTO "django_migrations" VALUES(19,'order','0001_initial','2022-08-11 10:47:46.934988');
INSERT INTO "django_migrations" VALUES(20,'order','0002_remove_ordermodel_booking_date_ordermodel_wash_type','2022-08-11 11:15:54.758227');
INSERT INTO "django_migrations" VALUES(21,'order','0003_ordermodel_booking_date','2022-08-12 06:15:07.505747');
INSERT INTO "django_migrations" VALUES(22,'order','0004_ordermodel_collection_time','2022-08-15 11:02:31.902103');
INSERT INTO "django_migrations" VALUES(23,'order','0005_alter_ordermodel_collection_time','2022-08-15 11:28:38.859550');
INSERT INTO "django_migrations" VALUES(24,'order','0006_alter_ordermodel_collection_time','2022-08-15 11:47:55.309647');
INSERT INTO "django_migrations" VALUES(25,'order','0007_ordermodel_user_id','2022-08-15 12:43:42.308538');
INSERT INTO "django_migrations" VALUES(26,'order','0008_alter_ordermodel_collection_time','2022-08-16 07:05:45.805949');
INSERT INTO "django_migrations" VALUES(27,'order','0009_remove_ordermodel_user_id_ordermodel_user','2022-08-17 12:29:38.061775');
INSERT INTO "django_migrations" VALUES(28,'config','0001_initial','2022-08-17 14:14:31.270032');
CREATE UNIQUE INDEX "auth_group_permissions_group_id_permission_id_0cd325b0_uniq" ON "auth_group_permissions" ("group_id", "permission_id");
CREATE INDEX IF NOT EXISTS "auth_group_permissions_group_id_b120cbf9" ON "auth_group_permissions" ("group_id");
CREATE INDEX IF NOT EXISTS "auth_group_permissions_permission_id_84c5c92e" ON "auth_group_permissions" ("permission_id");
CREATE UNIQUE INDEX "auth_user_groups_user_id_group_id_94350c0c_uniq" ON "auth_user_groups" ("user_id", "group_id");
CREATE INDEX IF NOT EXISTS "auth_user_groups_user_id_6a12ed8b" ON "auth_user_groups" ("user_id");
CREATE INDEX IF NOT EXISTS "auth_user_groups_group_id_97559544" ON "auth_user_groups" ("group_id");
CREATE UNIQUE INDEX "auth_user_user_permissions_user_id_permission_id_14a6b632_uniq" ON "auth_user_user_permissions" ("user_id", "permission_id");
CREATE INDEX IF NOT EXISTS "auth_user_user_permissions_user_id_a95ead1b" ON "auth_user_user_permissions" ("user_id");
CREATE INDEX IF NOT EXISTS "auth_user_user_permissions_permission_id_1fbb5f2c" ON "auth_user_user_permissions" ("permission_id");
CREATE INDEX IF NOT EXISTS "django_admin_log_content_type_id_c4bce8eb" ON "django_admin_log" ("content_type_id");
CREATE INDEX IF NOT EXISTS "django_admin_log_user_id_c564eba6" ON "django_admin_log" ("user_id");
CREATE UNIQUE INDEX "django_content_type_app_label_model_76bd3d3b_uniq" ON "django_content_type" ("app_label", "model");
CREATE UNIQUE INDEX "auth_permission_content_type_id_codename_01ab375a_uniq" ON "auth_permission" ("content_type_id", "codename");
CREATE INDEX IF NOT EXISTS "auth_permission_content_type_id_2f476e4b" ON "auth_permission" ("content_type_id");
CREATE INDEX IF NOT EXISTS "django_session_expire_date_a5c62663" ON "django_session" ("expire_date");
CREATE INDEX IF NOT EXISTS "order_ordermodel_user_id_44b89dc5" ON "order_ordermodel" ("user_id");
CREATE TABLE IF NOT EXISTS "django_session" ("session_key" varchar(40) NOT NULL PRIMARY KEY, "session_data" text NOT NULL, "expire_date" datetime NOT NULL);
INSERT INTO "django_session" VALUES('d08vtmo0md2viks46ng7xp1ifhoqdcfv','.eJxVjEEOwiAQRe_C2pAORQZcuvcMZGBAqgaS0q6Md7dNutDte-__t_C0LsWvPc1-YnERIE6_LFB8proLflC9NxlbXeYpyD2Rh-3y1ji9rkf7d1Col21tsonOaNQIyBAiIts45FETg8EhOJUcQeCNhmxHdtrZURFAOmPURonPF99iN7U:1oM67g:OyuK7chufw1Qvg1s0PGar0KFsVhL9av9FuM2QE71JNI','2022-08-25 11:13:08.609771');
INSERT INTO "django_session" VALUES('edh5o540lffc4m02izkjk2fb7xdsc4j9','.eJxVjEEOwiAQRe_C2pAORQZcuvcMZGBAqgaS0q6Md7dNutDte-__t_C0LsWvPc1-YnERIE6_LFB8proLflC9NxlbXeYpyD2Rh-3y1ji9rkf7d1Col21tsonOaNQIyBAiIts45FETg8EhOJUcQeCNhmxHdtrZURFAOmPURonPF99iN7U:1oOF1S:YZ-voyWuyjFZjkoRdwky9_4jXBIw65zs2_rBDGB6yBw','2022-08-31 09:07:34.754851');
INSERT INTO "django_session" VALUES('7mmfhwaa1roxc5ae2d0gk02bx54rhgwb','.eJxVjEEOwiAQRe_C2pAORQZcuvcMZGBAqgaS0q6Md7dNutDte-__t_C0LsWvPc1-YnERIE6_LFB8proLflC9NxlbXeYpyD2Rh-3y1ji9rkf7d1Col21tsonOaNQIyBAiIts45FETg8EhOJUcQeCNhmxHdtrZURFAOmPURonPF99iN7U:1oOJs2:A_M3ziuOgIr_Wvx0orySkKtmL8fmJmk-dBaOU56gI_Y','2022-08-31 14:18:10.692488');
CREATE UNIQUE INDEX "auth_group_permissions_group_id_permission_id_0cd325b0_uniq" ON "auth_group_permissions" ("group_id", "permission_id");
CREATE INDEX IF NOT EXISTS "auth_group_permissions_group_id_b120cbf9" ON "auth_group_permissions" ("group_id");
CREATE INDEX IF NOT EXISTS "auth_group_permissions_permission_id_84c5c92e" ON "auth_group_permissions" ("permission_id");
CREATE UNIQUE INDEX "auth_user_groups_user_id_group_id_94350c0c_uniq" ON "auth_user_groups" ("user_id", "group_id");
CREATE INDEX IF NOT EXISTS "auth_user_groups_user_id_6a12ed8b" ON "auth_user_groups" ("user_id");
CREATE INDEX IF NOT EXISTS "auth_user_groups_group_id_97559544" ON "auth_user_groups" ("group_id");
CREATE UNIQUE INDEX "auth_user_user_permissions_user_id_permission_id_14a6b632_uniq" ON "auth_user_user_permissions" ("user_id", "permission_id");
CREATE INDEX IF NOT EXISTS "auth_user_user_permissions_user_id_a95ead1b" ON "auth_user_user_permissions" ("user_id");
CREATE INDEX IF NOT EXISTS "auth_user_user_permissions_permission_id_1fbb5f2c" ON "auth_user_user_permissions" ("permission_id");
CREATE INDEX IF NOT EXISTS "django_admin_log_content_type_id_c4bce8eb" ON "django_admin_log" ("content_type_id");
CREATE INDEX IF NOT EXISTS "django_admin_log_user_id_c564eba6" ON "django_admin_log" ("user_id");
CREATE UNIQUE INDEX "django_content_type_app_label_model_76bd3d3b_uniq" ON "django_content_type" ("app_label", "model");
CREATE UNIQUE INDEX "auth_permission_content_type_id_codename_01ab375a_uniq" ON "auth_permission" ("content_type_id", "codename");
CREATE INDEX IF NOT EXISTS "auth_permission_content_type_id_2f476e4b" ON "auth_permission" ("content_type_id");
CREATE INDEX IF NOT EXISTS "django_session_expire_date_a5c62663" ON "django_session" ("expire_date");
CREATE INDEX IF NOT EXISTS "order_ordermodel_user_id_44b89dc5" ON "order_ordermodel" ("user_id");
CREATE TABLE IF NOT EXISTS "order_ordermodel" ("id" integer NOT NULL PRIMARY KEY AUTOINCREMENT, "booking_time" time NOT NULL, "wash_type" integer NOT NULL, "booking_date" date NOT NULL, "collection_time" time NULL, "user_id" integer NOT NULL REFERENCES "auth_user" ("id") DEFERRABLE INITIALLY DEFERRED);
INSERT INTO "order_ordermodel" VALUES(21,'12:30:43',1,'2022-08-17','13:30:00',1);
INSERT INTO "order_ordermodel" VALUES(22,'13:40:00',1,'2022-08-17','14:40:00',1);
INSERT INTO "order_ordermodel" VALUES(23,'14:50:00',1,'2022-08-17','15:50:00',1);
INSERT INTO "order_ordermodel" VALUES(24,'12:00:00',1,'2022-08-17',NULL,2);
CREATE UNIQUE INDEX "auth_group_permissions_group_id_permission_id_0cd325b0_uniq" ON "auth_group_permissions" ("group_id", "permission_id");
CREATE INDEX IF NOT EXISTS "auth_group_permissions_group_id_b120cbf9" ON "auth_group_permissions" ("group_id");
CREATE INDEX IF NOT EXISTS "auth_group_permissions_permission_id_84c5c92e" ON "auth_group_permissions" ("permission_id");
CREATE UNIQUE INDEX "auth_user_groups_user_id_group_id_94350c0c_uniq" ON "auth_user_groups" ("user_id", "group_id");
CREATE INDEX IF NOT EXISTS "auth_user_groups_user_id_6a12ed8b" ON "auth_user_groups" ("user_id");
CREATE INDEX IF NOT EXISTS "auth_user_groups_group_id_97559544" ON "auth_user_groups" ("group_id");
CREATE UNIQUE INDEX "auth_user_user_permissions_user_id_permission_id_14a6b632_uniq" ON "auth_user_user_permissions" ("user_id", "permission_id");
CREATE INDEX IF NOT EXISTS "auth_user_user_permissions_user_id_a95ead1b" ON "auth_user_user_permissions" ("user_id");
CREATE INDEX IF NOT EXISTS "auth_user_user_permissions_permission_id_1fbb5f2c" ON "auth_user_user_permissions" ("permission_id");
CREATE INDEX IF NOT EXISTS "django_admin_log_content_type_id_c4bce8eb" ON "django_admin_log" ("content_type_id");
CREATE INDEX IF NOT EXISTS "django_admin_log_user_id_c564eba6" ON "django_admin_log" ("user_id");
CREATE UNIQUE INDEX "django_content_type_app_label_model_76bd3d3b_uniq" ON "django_content_type" ("app_label", "model");
CREATE UNIQUE INDEX "auth_permission_content_type_id_codename_01ab375a_uniq" ON "auth_permission" ("content_type_id", "codename");
CREATE INDEX IF NOT EXISTS "auth_permission_content_type_id_2f476e4b" ON "auth_permission" ("content_type_id");
CREATE INDEX IF NOT EXISTS "django_session_expire_date_a5c62663" ON "django_session" ("expire_date");
CREATE INDEX IF NOT EXISTS "order_ordermodel_user_id_44b89dc5" ON "order_ordermodel" ("user_id");
CREATE TABLE IF NOT EXISTS "user" ("id" integer NOT NULL PRIMARY KEY AUTOINCREMENT, "phone_number" varchar(11) NOT NULL UNIQUE, "pin" varchar(255) NULL, "amount" real NOT NULL, "first_name" varchar(255) NULL, "last_name" varchar(255) NULL, "email" varchar(255) NULL, "date_of_birth" date NULL, "address" varchar(255) NULL, "nid" varchar(255) NULL, "nationality" varchar(255) NULL, "occupation" varchar(255) NULL, "created_at" datetime NOT NULL, "updated_at" datetime NOT NULL);
CREATE UNIQUE INDEX "auth_group_permissions_group_id_permission_id_0cd325b0_uniq" ON "auth_group_permissions" ("group_id", "permission_id");
CREATE INDEX IF NOT EXISTS "auth_group_permissions_group_id_b120cbf9" ON "auth_group_permissions" ("group_id");
CREATE INDEX IF NOT EXISTS "auth_group_permissions_permission_id_84c5c92e" ON "auth_group_permissions" ("permission_id");
CREATE UNIQUE INDEX "auth_user_groups_user_id_group_id_94350c0c_uniq" ON "auth_user_groups" ("user_id", "group_id");
CREATE INDEX IF NOT EXISTS "auth_user_groups_user_id_6a12ed8b" ON "auth_user_groups" ("user_id");
CREATE INDEX IF NOT EXISTS "auth_user_groups_group_id_97559544" ON "auth_user_groups" ("group_id");
CREATE UNIQUE INDEX "auth_user_user_permissions_user_id_permission_id_14a6b632_uniq" ON "auth_user_user_permissions" ("user_id", "permission_id");
CREATE INDEX IF NOT EXISTS "auth_user_user_permissions_user_id_a95ead1b" ON "auth_user_user_permissions" ("user_id");
CREATE INDEX IF NOT EXISTS "auth_user_user_permissions_permission_id_1fbb5f2c" ON "auth_user_user_permissions" ("permission_id");
CREATE INDEX IF NOT EXISTS "django_admin_log_content_type_id_c4bce8eb" ON "django_admin_log" ("content_type_id");
CREATE INDEX IF NOT EXISTS "django_admin_log_user_id_c564eba6" ON "django_admin_log" ("user_id");
CREATE UNIQUE INDEX "django_content_type_app_label_model_76bd3d3b_uniq" ON "django_content_type" ("app_label", "model");
CREATE UNIQUE INDEX "auth_permission_content_type_id_codename_01ab375a_uniq" ON "auth_permission" ("content_type_id", "codename");
CREATE INDEX IF NOT EXISTS "auth_permission_content_type_id_2f476e4b" ON "auth_permission" ("content_type_id");
CREATE INDEX IF NOT EXISTS "django_session_expire_date_a5c62663" ON "django_session" ("expire_date");
CREATE INDEX IF NOT EXISTS "order_ordermodel_user_id_44b89dc5" ON "order_ordermodel" ("user_id");
